{"stats":{"minecraft:broken":{"minecraft:netherite_pickaxe":3},"minecraft:picked_up":{"minecraft:wooden_axe":3,"minecraft:iron_chestplate":2,"minecraft:redstone_block":2,"minecraft:gold_block":1,"minecraft:polished_deepslate":1,"minecraft:string":10,"minecraft:iron_axe":3,"minecraft:flint_and_steel":1,"minecraft:item_frame":6,"minecraft:iron_shovel":1,"minecraft:oak_sign":7,"minecraft:redstone_torch":1,"minecraft:written_book":1,"minecraft:player_head":2,"minecraft:observer":2,"minecraft:iron_pickaxe":1,"minecraft:spruce_slab":1,"minecraft:chest":1,"minecraft:stone":3,"minecraft:jukebox":1,"minecraft:music_disc_mellohi":14,"minecraft:stone_button":1,"minecraft:redstone":5,"minecraft:stone_pressure_plate":3,"minecraft:gray_stained_glass_pane":26,"minecraft:repeating_command_block":1,"minecraft:command_block":3,"minecraft:deepslate_bricks":22,"minecraft:iron_block":2,"minecraft:yellow_terracotta":1,"minecraft:warped_sign":3,"minecraft:cobblestone":2,"minecraft:crimson_hyphae":322,"minecraft:barrier":1,"minecraft:repeater":3,"minecraft:iron_door":3,"minecraft:tripwire_hook":66,"minecraft:dirt":1,"minecraft:cobbled_deepslate_slab":1,"minecraft:iron_sword":2,"minecraft:chain_command_block":4,"minecraft:red_wool":1,"minecraft:oak_pressure_plate":3,"minecraft:soul_torch":3,"minecraft:diamond_block":16,"minecraft:trapped_chest":1,"minecraft:mossy_stone_brick_slab":1,"minecraft:quartz_bricks":1,"minecraft:dispenser":1,"minecraft:black_concrete":3,"minecraft:polished_blackstone_pressure_plate":4,"minecraft:lever":109,"minecraft:writable_book":5,"minecraft:spruce_sign":1,"minecraft:oak_sapling":1},"minecraft:killed":{"minecraft:piglin":3,"minecraft:pig":2,"minecraft:zombie":1},"minecraft:dropped":{"minecraft:oak_pressure_plate":2,"minecraft:barrier":1,"minecraft:observer":1,"minecraft:red_wool":1,"minecraft:command_block":2,"minecraft:item_frame":4,"minecraft:gold_block":1,"minecraft:iron_block":1,"minecraft:polished_blackstone_pressure_plate":1,"minecraft:dispenser":1,"minecraft:repeater":2,"minecraft:wooden_axe":2,"minecraft:writable_book":1,"minecraft:black_concrete":2,"minecraft:tripwire_hook":64,"minecraft:redstone_block":1,"minecraft:redstone":1,"minecraft:lever":67,"minecraft:diamond_block":3,"minecraft:player_head":2,"minecraft:jukebox":1,"minecraft:warped_sign":1,"minecraft:oak_sign":1,"minecraft:flint_and_steel":1,"minecraft:stone":2,"minecraft:iron_chestplate":2,"minecraft:chest":1,"minecraft:stone_pressure_plate":1,"minecraft:spruce_slab":1,"minecraft:chain_command_block":2,"minecraft:crimson_hyphae":320,"minecraft:written_book":1},"minecraft:mined":{"minecraft:diamond_block":13,"minecraft:iron_block":1,"minecraft:stone":1,"minecraft:quartz_bricks":1,"minecraft:crimson_hyphae":1},"minecraft:used":{"minecraft:oak_trapdoor":1,"minecraft:purpur_block":118,"minecraft:writable_book":3,"minecraft:iron_bars":72,"minecraft:polished_deepslate":111,"minecraft:flint_and_steel":21,"minecraft:smooth_quartz_slab":35,"minecraft:armor_stand":13,"minecraft:dispenser":1,"minecraft:spruce_slab":9,"minecraft:redstone":160,"minecraft:ladder":23,"minecraft:oak_sign":33,"minecraft:spruce_planks":17,"minecraft:chest":2,"minecraft:tinted_glass":27,"minecraft:ender_chest":2,"minecraft:stone":68,"minecraft:zombie_spawn_egg":4,"minecraft:white_shulker_box":1,"minecraft:warped_sign":59,"minecraft:player_head":28,"minecraft:mossy_stone_brick_slab":8,"minecraft:iron_chestplate":3,"minecraft:anvil":17,"minecraft:dirt":26,"minecraft:warped_wart_block":5,"minecraft:ancient_debris":8,"minecraft:twisting_vines":2,"minecraft:spruce_stairs":13,"minecraft:crimson_hyphae":11,"minecraft:jungle_slab":4,"minecraft:warped_door":2,"minecraft:weeping_vines":54,"minecraft:obsidian":4,"minecraft:shroomlight":9,"minecraft:polished_blackstone_slab":13,"minecraft:music_disc_mellohi":12,"minecraft:wooden_axe":16,"minecraft:sea_lantern":9,"minecraft:stripped_dark_oak_wood":5,"minecraft:quartz_pillar":193,"minecraft:quartz_slab":7,"minecraft:red_wool":23,"minecraft:lantern":7,"minecraft:iron_block":99,"minecraft:grass_block":49,"minecraft:quartz_block":22,"minecraft:iron_boots":2,"minecraft:smooth_quartz":30,"minecraft:raw_gold_block":10,"minecraft:piglin_brute_spawn_egg":1,"minecraft:item_frame":31,"minecraft:bedrock":112,"minecraft:basalt":28,"minecraft:tripwire_hook":7,"minecraft:repeater":289,"minecraft:bow":1,"minecraft:hay_block":4,"minecraft:written_book":16,"minecraft:iron_trapdoor":7,"minecraft:oak_sapling":1,"minecraft:netherite_pickaxe":15,"minecraft:gold_block":71,"minecraft:trapped_chest":10,"minecraft:stone_pressure_plate":93,"minecraft:cooked_beef":1,"minecraft:dragon_head":1,"minecraft:cobbled_deepslate":34,"minecraft:observer":6,"minecraft:powder_snow_bucket":2,"minecraft:polished_blackstone_stairs":10,"minecraft:pointed_dripstone":12,"minecraft:iron_leggings":1,"minecraft:dark_oak_sapling":89,"minecraft:calcite":10,"minecraft:quartz_bricks":16,"minecraft:water_bucket":1,"minecraft:end_rod":36,"minecraft:spruce_door":3,"minecraft:dropper":1,"minecraft:polished_andesite":4,"minecraft:oak_planks":1,"minecraft:sandstone":33,"minecraft:redstone_block":46,"minecraft:spruce_sign":6,"minecraft:beacon":9,"minecraft:purpur_pillar":44,"minecraft:deepslate_bricks":106,"minecraft:smooth_quartz_stairs":48,"minecraft:polished_blackstone_pressure_plate":5,"minecraft:diamond_block":81,"minecraft:sand":7,"minecraft:yellow_terracotta":4,"minecraft:comparator":2,"minecraft:vine":87,"minecraft:tnt":3,"minecraft:campfire":4,"minecraft:chiseled_quartz_block":83,"minecraft:dripstone_block":2,"minecraft:black_bed":4,"minecraft:redstone_torch":9,"minecraft:purple_stained_glass":18,"minecraft:netherite_block":42,"minecraft:lever":26,"minecraft:light":5,"minecraft:diamond_pickaxe":1,"minecraft:black_concrete":234,"minecraft:warped_trapdoor":3,"minecraft:command_block":161,"minecraft:string":19,"minecraft:barrier":182,"minecraft:stone_button":3,"minecraft:map":1,"minecraft:jungle_stairs":22,"minecraft:stone_slab":36,"minecraft:red_terracotta":7,"minecraft:spruce_trapdoor":21,"minecraft:oak_pressure_plate":1,"minecraft:iron_door":35,"minecraft:deepslate":10,"minecraft:soul_lantern":5,"minecraft:nether_wart_block":12,"minecraft:cobbled_deepslate_slab":41,"minecraft:red_concrete_powder":4,"minecraft:andesite":10,"minecraft:jungle_door":1,"minecraft:sandstone_slab":13,"minecraft:chain_command_block":45,"minecraft:chain":15,"minecraft:glass_pane":37,"minecraft:polished_blackstone_button":2,"minecraft:bone_meal":97,"minecraft:jukebox":5,"minecraft:soul_torch":7},"minecraft:custom":{"minecraft:inspect_dropper":2,"minecraft:mob_kills":8,"minecraft:interact_with_anvil":23,"minecraft:open_shulker_box":4,"minecraft:leave_game":17,"minecraft:time_since_death":452728,"minecraft:climb_one_cm":14761,"minecraft:sprint_one_cm":217480,"minecraft:walk_one_cm":1012417,"minecraft:drop":51,"minecraft:talked_to_villager":3,"minecraft:play_time":807065,"minecraft:deaths":1,"minecraft:sneak_time":31514,"minecraft:walk_under_water_one_cm":2854,"minecraft:jump":2160,"minecraft:walk_on_water_one_cm":2912,"minecraft:total_world_time":1073837,"minecraft:play_record":12,"minecraft:time_since_rest":452764,"minecraft:open_enderchest":5,"minecraft:damage_taken":260,"minecraft:trigger_trapped_chest":38,"minecraft:damage_dealt":1225,"minecraft:interact_with_beacon":9,"minecraft:fly_one_cm":3767426,"minecraft:open_chest":13,"minecraft:crouch_one_cm":37091,"minecraft:fall_one_cm":5463,"minecraft:inspect_dispenser":2}},"DataVersion":2865}